term,idf_weight,collection_frequency
citru,3.258097,1
overview,3.258097,1
group,3.258097,1
bear,3.258097,1
shrub,3.258097,1
lemon,3.258097,1
lime,3.258097,1
cocktail,3.258097,1
grapefruit,3.258097,1
mandarin,3.258097,1
easi,3.258097,1
peel,3.258097,1
tangerin,3.258097,1
clementin,3.258097,1
folat,3.258097,1
regular,3.258097,1
chronic,3.258097,1
diseas,3.258097,1
drain,3.258097,1
sunlight,3.258097,1
frost,3.258097,1
florida,3.258097,1
brazil,3.258097,1
countri,3.258097,1
dress,3.258097,1
zest,3.258097,1
essenc,3.258097,1
ingredi,3.258097,1
drink,3.258097,1
impress,3.258097,1
commod,3.258097,1
berri,3.258097,1
edibl,3.258097,1
true,3.258097,1
strawberri,3.258097,1
blueberri,3.258097,1
blue,3.258097,1
pack,3.258097,1
raspberri,3.258097,1
delic,3.258097,1
aggreg,3.258097,1
blackberri,3.258097,1
dark,3.258097,1
cranberri,3.258097,1
brain,3.258097,1
consist,3.258097,1
moistur,3.258097,1
chill,3.258097,1
hour,3.258097,1
bush,3.258097,1
plant,3.258097,1
good,3.258097,1
retain,3.258097,1
much,3.258097,1
nutrient,3.258097,1
powerhous,3.258097,1
countless,3.258097,1
grown,3.258097,1
humid,3.258097,1
mango,3.258097,1
pineappl,3.258097,1
papaya,3.258097,1
enzym,3.258097,1
banana,3.258097,1
energi,3.258097,1
passion,3.258097,1
pulp,3.258097,1
bromelain,3.258097,1
papain,3.258097,1
america,3.258097,1
south,3.258097,1
caribbean,3.258097,1
ideal,3.258097,1
warmth,3.258097,1
rainfal,3.258097,1
salsa,3.258097,1
main,3.258097,1
confect,3.258097,1
ship,3.258097,1
year,3.258097,1
economi,3.258097,1
bring,3.258097,1
diet,3.258097,1
drupe,3.258097,1
character,3.258097,1
outer,3.258097,1
fleshi,3.258097,1
part,3.258097,1
pit,3.258097,1
peach,3.258097,1
fuzzi,3.258097,1
plum,3.258097,1
cherri,3.258097,1
apricot,3.258097,1
velveti,3.258097,1
nectarin,3.258097,1
rel,3.258097,1
season,3.258097,1
peak,3.258097,1
septemb,3.258097,1
northern,3.258097,1
hemispher,3.258097,1
fat,3.258097,1
ey,3.258097,1
made,3.258097,1
prune,3.258097,1
cobbler,3.258097,1
compot,3.258097,1
favorit,3.258097,1
appl,3.258097,1
cultivar,3.258097,1
thousand,3.258097,1
granni,3.258097,1
smith,3.258097,1
fuji,3.258097,1
shelf,3.258097,1
life,3.258097,1
gala,3.258097,1
pleasant,3.258097,1
crunch,3.258097,1
honeycrisp,3.258097,1
exception,3.258097,1
golden,3.258097,1
mellow,3.258097,1
soft,3.258097,1
sai,3.258097,1
keep,3.258097,1
doctor,3.258097,1
awai,3.258097,1
pectin,3.258097,1
decidu,3.258097,1
cold,3.258097,1
dormanc,3.258097,1
cross,3.258097,1
pollin,3.258097,1
china,3.258097,1
usa,3.258097,1
poland,3.258097,1
maintain,3.258097,1
month,3.258097,1
cider,3.258097,1
vinegar,3.258097,1
shine,3.258097,1
cake,3.258097,1
pork,3.258097,1
poultri,3.258097,1
longev,3.258097,1
melon,3.258097,1
watermelon,3.258097,1
cucurbitacea,3.258097,1
famili,3.258097,1
hydrat,3.258097,1
weather,3.258097,1
cantaloup,3.258097,1
net,3.258097,1
rind,3.258097,1
muski,3.258097,1
aroma,3.258097,1
honeydew,3.258097,1
pale,3.258097,1
canari,3.258097,1
bright,3.258097,1
mild,3.258097,1
galia,3.258097,1
along,3.258097,1
lycopen,3.258097,1
temperatur,3.258097,1
full,3.258097,1
sun,3.258097,1
ampl,3.258097,1
trail,3.258097,1
ripe,3.258097,1
select,3.258097,1
feel,3.258097,1
heavi,3.258097,1
emit,3.258097,1
whole,3.258097,1
room,3.258097,1
cut,3.258097,1
refriger,3.258097,1
idea,3.258097,1
sorbet,3.258097,1
prosciutto,3.258097,1
wrap,3.258097,1
appet,3.258097,1
subtl,3.258097,1
altern,3.258097,1
grape,3.258097,1
wine,3.258097,1
woodi,3.258097,1
come,3.258097,1
tabl,3.258097,1
bred,3.258097,1
seedless,3.258097,1
thicker,3.258097,1
raisin,3.258097,1
primarili,3.258097,1
thompson,3.258097,1
purpl,3.258097,1
undergo,3.258097,1
ferment,3.258097,1
alcohol,3.258097,1
terroir,3.258097,1
winemak,3.258097,1
influenc,3.258097,1
final,3.258097,1
resveratrol,3.258097,1
polyphenol,3.258097,1
grapevin,3.258097,1
trellis,3.258097,1
franc,3.258097,1
itali,3.258097,1
spain,3.258097,1
chile,3.258097,1
plate,3.258097,1
chees,3.258097,1
roast,3.258097,1
industri,3.258097,1
civil,3.258097,1
around,3.258097,1
intrigu,3.258097,1
adventur,3.258097,1
eater,3.258097,1
expand,3.258097,1
horizon,3.258097,1
notabl,3.258097,1
dragon,3.258097,1
speckl,3.258097,1
rambutan,3.258097,1
hairi,3.258097,1
durian,3.258097,1
infam,3.258097,1
pungent,3.258097,1
odor,3.258097,1
creami,3.258097,1
starfruit,3.258097,1
star,3.258097,1
slice,3.258097,1
wateri,3.258097,1
lyche,3.258097,1
bumpi,3.258097,1
fragrant,3.258097,1
hold,3.258097,1
nativ,3.258097,1
king,3.258097,1
dragonfruit,3.258097,1
promin,3.258097,1
asian,3.258097,1
market,3.258097,1
vari,3.258097,1
betalain,3.258097,1
novel,3.258097,1
perish,3.258097,1
restrict,3.258097,1
increas,3.258097,1
gradual,3.258097,1
price,3.258097,1
creativ,3.258097,1
fusion,3.258097,1
attract,3.258097,1
enthusiast,3.258097,1
seek,3.258097,1
broaden,3.258097,1
perspect,3.258097,1
sensori,3.258097,1
earth,3.258097,1
pomegran,3.258097,1
rubi,3.258097,1
aril,3.258097,1
thick,3.258097,1
leatheri,3.258097,1
hundr,3.258097,1
organ,3.258097,1
compart,3.258097,1
crunchi,3.258097,1
jewel,3.258097,1
rank,3.258097,1
punicalagin,3.258097,1
suggest,3.258097,1
reduct,3.258097,1
cellular,3.258097,1
oxid,3.258097,1
stress,3.258097,1
histor,3.258097,1
millennia,3.258097,1
mytholog,3.258097,1
symbol,3.258097,1
prosper,3.258097,1
abund,3.258097,1
religi,3.258097,1
avoid,3.258097,1
pith,3.258097,1
submerg,3.258097,1
facilit,3.258097,1
eaten,3.258097,1
garnish,3.258097,1
middl,3.258097,1
eastern,3.258097,1
molass,3.258097,1
depth,3.258097,1
drought,3.258097,1
toler,3.258097,1
establish,3.258097,1
iran,3.258097,1
superfruit,3.258097,1
deserv,3.258097,1
appreci,3.258097,1
revolution,3.258097,1
wa,3.258097,1
semin,3.258097,1
paper,3.258097,1
vaswani,3.258097,1
et,3.258097,1
al,3.258097,1
replac,3.258097,1
recurr,3.258097,1
self,3.258097,1
weigh,3.258097,1
multi,3.258097,1
head,3.258097,1
attend,3.258097,1
subspac,3.258097,1
inject,3.258097,1
sinc,3.258097,1
notion,3.258097,1
feed,3.258097,1
forward,3.258097,1
appli,3.258097,1
ident,3.258097,1
layer,3.258097,1
stabil,3.258097,1
converg,3.258097,1
sever,3.258097,1
scalabl,3.258097,1
billion,3.258097,1
t5,3.258097,1
upon,3.258097,1
question,3.258097,1
answer,3.258097,1
even,3.258097,1
modal,3.258097,1
imag,3.258097,1
nlp,3.258097,1
unpreced,3.258097,1
skill,3.258097,1
elicit,3.258097,1
desir,3.258097,1
modifi,3.258097,1
clariti,3.258097,1
unambigu,3.258097,1
lead,3.258097,1
thought,3.258097,1
role,3.258097,1
plai,3.258097,1
case,3.258097,1
experiment,3.258097,1
systemat,3.258097,1
reus,3.258097,1
share,3.258097,1
member,3.258097,1
evolv,3.258097,1
disciplin,3.258097,1
unlock,3.258097,1
preprocess,3.258097,1
break,3.258097,1
unit,3.258097,1
block,3.258097,1
choic,3.258097,1
significantli,3.258097,1
split,3.258097,1
whitespac,3.258097,1
punctuat,3.258097,1
per,3.258097,1
charact,3.258097,1
subword,3.258097,1
vocabulari,3.258097,1
bpe,3.258097,1
wordpiec,3.258097,1
sentencepiec,3.258097,1
byte,3.258097,1
merg,3.258097,1
likelihood,3.258097,1
frequenc,3.258097,1
struggl,3.258097,1
morpholog,3.258097,1
variat,3.258097,1
veri,3.258097,1
predominantli,3.258097,1
newer,3.258097,1
adopt,3.258097,1
agnost,3.258097,1
abil,3.258097,1
augment,3.258097,1
discuss,3.258097,1
extern,3.258097,1
parametr,3.258097,1
date,3.258097,1
search,3.258097,1
synthes,3.258097,1
repositori,3.258097,1
api,3.258097,1
embed,3.258097,1
queri,3.258097,1
match,3.258097,1
rerank,3.258097,1
option,3.258097,1
hallucin,3.258097,1
attribut,3.258097,1
dynam,3.258097,1
retrain,3.258097,1
fact,3.258097,1
intens,3.258097,1
valuabl,3.258097,1
enterpris,3.258097,1
pinecon,3.258097,1
weaviat,3.258097,1
chroma,3.258097,1
sentenc,3.258097,1
semant,3.258097,1
accur,3.258097,1
factual,3.258097,1
gap,3.258097,1
static,3.258097,1
compar,3.258097,1
meet,3.258097,1
perplex,3.258097,1
lower,3.258097,1
bleu,3.258097,1
gram,3.258097,1
overlap,3.258097,1
refer,3.258097,1
roug,3.258097,1
recal,3.258097,1
orient,3.258097,1
f1,3.258097,1
precis,3.258097,1
ratio,3.258097,1
total,3.258097,1
fair,3.258097,1
judg,3.258097,1
captur,3.258097,1
nuanc,3.258097,1
aspect,3.258097,1
difficult,3.258097,1
due,3.258097,1
subject,3.258097,1
criteria,3.258097,1
valid,3.258097,1
complementari,3.258097,1
comprehens,3.258097,1
appropri,3.258097,1
reliabl,3.258097,1
window,3.258097,1
constraint,3.258097,1
predetermin,3.258097,1
quadrat,3.258097,1
memori,3.258097,1
gpu,3.258097,1
scheme,3.258097,1
ani,3.258097,1
extens,3.258097,1
must,3.258097,1
workaround,3.258097,1
chunk,3.258097,1
slide,3.258097,1
spars,3.258097,1
claud,3.258097,1
100k,3.258097,1
32k,3.258097,1
variant,3.258097,1
strategi,3.258097,1
hierarch,3.258097,1
care,3.258097,1
maxim,3.258097,1
push,3.258097,1
boundari,3.258097,1
adapt,3.258097,1
recognit,3.258097,1
happen,3.258097,1
sole,3.258097,1
transfer,3.258097,1
rapid,3.258097,1
prototyp,3.258097,1
deploy,3.258097,1
label,3.258097,1
still,3.258097,1
safeti,3.258097,1
align,3.258097,1
ai,3.258097,1
concern,3.258097,1
deploi,3.258097,1
behav,3.258097,1
accord,3.258097,1
intent,3.258097,1
safe,3.258097,1
benefici,3.258097,1
increasingli,3.258097,1
harm,3.258097,1
offens,3.258097,1
danger,3.258097,1
mislead,3.258097,1
bia,3.258097,1
amplif,3.258097,1
bias,3.258097,1
amplifi,3.258097,1
misalign,3.258097,1
diverg,3.258097,1
attack,3.258097,1
carefulli,3.258097,1
bypass,3.258097,1
unpredict,3.258097,1
aris,3.258097,1
reinforc,3.258097,1
feedback,3.258097,1
rlhf,3.258097,1
constitut,3.258097,1
vulner,3.258097,1
filter,3.258097,1
loop,3.258097,1
monitor,3.258097,1
dashboard,3.258097,1
fallback,3.258097,1
innov,3.258097,1
ethic,3.258097,1
collabor,3.258097,1
govern,3.258097,1
societi,3.258097,1
matric,3.258097,1
rectangular,3.258097,1
arrai,3.258097,1
scalar,3.258097,1
cannot,3.258097,1
matrix,3.258097,1
transpos,3.258097,1
flip,3.258097,1
row,3.258097,1
column,3.258097,1
eigenvalu,3.258097,1
eigenvector,3.258097,1
invari,3.258097,1
quantum,3.258097,1
satisfi,3.258097,1
simultan,3.258097,1
gaussian,3.258097,1
elimin,3.258097,1
invers,3.258097,1
multidimension,3.258097,1
calculu,3.258097,1
differenti,3.258097,1
rate,3.258097,1
chang,3.258097,1
slope,3.258097,1
instantan,3.258097,1
rule,3.258097,1
quotient,3.258097,1
equal,3.258097,1
undefin,3.258097,1
veloc,3.258097,1
acceler,3.258097,1
margin,3.258097,1
descent,3.258097,1
backpropag,3.258097,1
second,3.258097,1
curvatur,3.258097,1
maxima,3.258097,1
minima,3.258097,1
saddl,3.258097,1
multivari,3.258097,1
partial,3.258097,1
steepest,3.258097,1
ascent,3.258097,1
random,3.258097,1
possibl,3.258097,1
event,3.258097,1
subset,3.258097,1
assign,3.258097,1
axiom,3.258097,1
neg,3.258097,1
given,3.258097,1
anoth,3.258097,1
whose,3.258097,1
occurr,3.258097,1
poisson,3.258097,1
countabl,3.258097,1
exponenti,3.258097,1
bay,3.258097,1
probabilist,3.258097,1
bayesian,3.258097,1
belief,3.258097,1
game,3.258097,1
naiv,3.258097,1
classifi,3.258097,1
integ,3.258097,1
purest,3.258097,1
surpris,3.258097,1
prime,3.258097,1
greater,3.258097,1
divis,3.258097,1
onli,3.258097,1
factor,3.258097,1
greatest,3.258097,1
divisor,3.258097,1
gcd,3.258097,1
largest,3.258097,1
divid,3.258097,1
two,3.258097,1
modular,3.258097,1
arithmet,3.258097,1
remaind,3.258097,1
congruenc,3.258097,1
asymptot,3.258097,1
show,3.258097,1
less,3.258097,1
get,3.258097,1
approxim,3.258097,1
ln,3.258097,1
rsa,3.258097,1
ellipt,3.258097,1
hash,3.258097,1
pseudorandom,3.258097,1
error,3.258097,1
famou,3.258097,1
unsolv,3.258097,1
riemann,3.258097,1
goldbach,3.258097,1
conjectur,3.258097,1
alongsid,3.258097,1
fermat,3.258097,1
last,3.258097,1
secur,3.258097,1
graph,3.258097,1
entiti,3.258097,1
invalu,3.258097,1
social,3.258097,1
transport,3.258097,1
molecular,3.258097,1
vertic,3.258097,1
node,3.258097,1
edg,3.258097,1
vs,3.258097,1
undirect,3.258097,1
direction,3.258097,1
weight,3.258097,1
associ,3.258097,1
numer,3.258097,1
path,3.258097,1
cycl,3.258097,1
start,3.258097,1
end,3.258097,1
vertex,3.258097,1
exist,3.258097,1
acycl,3.258097,1
seven,3.258097,1
k√∂nigsberg,3.258097,1
euler,3.258097,1
shortest,3.258097,1
dijkstra,3.258097,1
rout,3.258097,1
adjac,3.258097,1
influenti,3.258097,1
internet,3.258097,1
chemic,3.258097,1
informat,3.258097,1
molecul,3.258097,1
cover,3.258097,1
interpret,3.258097,1
busi,3.258097,1
analyt,3.258097,1
descript,3.258097,1
tendenc,3.258097,1
mean,3.258097,1
median,3.258097,1
mode,3.258097,1
varianc,3.258097,1
deviat,3.258097,1
interquartil,3.258097,1
inferenti,3.258097,1
claim,3.258097,1
popul,3.258097,1
confid,3.258097,1
interv,3.258097,1
estim,3.258097,1
strength,3.258097,1
null,3.258097,1
phenomena,3.258097,1
trial,3.258097,1
correl,3.258097,1
regress,3.258097,1
predictor,3.258097,1
tech,3.258097,1
compani,3.258097,1
clinic,3.258097,1
medicin,3.258097,1
control,3.258097,1
manufactur,3.258097,1
insight,3.258097,1
driven,3.258097,1
geometri,3.258097,1
euclidean,3.258097,1
spatial,3.258097,1
greek,3.258097,1
manipul,3.258097,1
name,3.258097,1
euclid,3.258097,1
flat,3.258097,1
line,3.258097,1
plane,3.258097,1
angl,3.258097,1
polygon,3.258097,1
postul,3.258097,1
distinguish,3.258097,1
geometr,3.258097,1
triangl,3.258097,1
three,3.258097,1
side,3.258097,1
sum,3.258097,1
circl,3.258097,1
equidist,3.258097,1
center,3.258097,1
figur,3.258097,1
straight,3.258097,1
coordin,3.258097,1
descart,3.258097,1
unifi,3.258097,1
distanc,3.258097,1
formula,3.258097,1
midpoint,3.258097,1
rotat,3.258097,1
certain,3.258097,1
robot,3.258097,1
aid,3.258097,1
geograph,3.258097,1
navig,3.258097,1
leverag,3.258097,1
logic,3.258097,1
boolean,3.258097,1
proposit,3.258097,1
predic,3.258097,1
combinator,3.258097,1
permut,3.258097,1
seri,3.258097,1
map,3.258097,1
procedur,3.258097,1
proof,3.258097,1
induct,3.258097,1
statement,3.258097,1
contradict,3.258097,1
assum,3.258097,1
opposit,3.258097,1
absurd,3.258097,1
follow,3.258097,1
term,3.258097,1
simpler,3.258097,1
version,3.258097,1
eleg,3.258097,1
solut,3.258097,1
compil,3.258097,1
construct,3.258097,1
protocol,3.258097,1
digit,3.258097,1
circuit,3.258097,1
among,2.564949,2
wide,2.564949,2
prize,2.564949,2
perfect,2.564949,2
acid,2.564949,2
cook,2.564949,2
slightli,2.564949,2
bitter,2.564949,2
breakfast,2.564949,2
sourc,2.564949,2
immun,2.564949,2
dietari,2.564949,2
subtrop,2.564949,2
soil,2.564949,2
adequ,2.564949,2
mediterranean,2.564949,2
beyond,2.564949,2
add,2.564949,2
marinad,2.564949,2
concentr,2.564949,2
stapl,2.564949,2
agricultur,2.564949,2
vibrant,2.564949,2
except,2.564949,2
densiti,2.564949,2
botan,2.564949,2
larger,2.564949,2
often,2.564949,2
anthocyanin,2.564949,2
respons,2.564949,2
deep,2.564949,2
inflamm,2.564949,2
prefer,2.564949,2
jam,2.564949,2
bake,2.564949,2
frozen,2.564949,2
exot,2.564949,2
near,2.564949,2
stone,2.564949,2
spiki,2.564949,2
dens,2.564949,2
fill,2.564949,2
phytonutri,2.564949,2
occur,2.564949,2
southeast,2.564949,2
asia,2.564949,2
central,2.564949,2
enjoi,2.564949,2
intern,2.564949,2
delight,2.564949,2
also,2.564949,2
surround,2.564949,2
white,2.564949,2
cluster,2.564949,2
mildli,2.564949,2
extend,2.564949,2
sugar,2.564949,2
pi,2.564949,2
savori,2.564949,2
especi,2.564949,2
grill,2.564949,2
consum,2.564949,2
crisp,2.564949,2
thin,2.564949,2
dai,2.564949,2
yield,2.564949,2
india,2.564949,2
storag,2.564949,2
store,2.564949,2
complement,2.564949,2
healthi,2.564949,2
earn,2.564949,2
statu,2.564949,2
refresh,2.564949,2
hot,2.564949,2
pink,2.564949,2
vine,2.564949,2
spread,2.564949,2
time,2.564949,2
within,2.564949,2
econom,2.564949,2
smaller,2.564949,2
higher,2.564949,2
convert,2.564949,2
style,2.564949,2
link,2.564949,2
rare,2.564949,2
transluc,2.564949,2
shape,2.564949,2
featur,2.564949,2
remain,2.564949,2
food,2.564949,2
new,2.564949,2
experi,2.564949,2
ancient,2.564949,2
celebr,2.564949,2
art,2.564949,2
score,2.564949,2
separ,2.564949,2
onc,2.564949,2
attent,2.564949,2
compon,2.564949,2
allow,2.564949,2
word,2.564949,2
represent,2.564949,2
posit,2.564949,2
inher,2.564949,2
advantag,2.564949,2
parallel,2.564949,2
handl,2.564949,2
shift,2.564949,2
craft,2.564949,2
clear,2.564949,2
instruct,2.564949,2
relev,2.564949,2
background,2.564949,2
exampl,2.564949,2
shot,2.564949,2
format,2.564949,2
help,2.564949,2
refin,2.564949,2
chain,2.564949,2
tune,2.564949,2
specif,2.564949,2
success,2.564949,2
team,2.564949,2
fine,2.564949,2
step,2.564949,2
impact,2.564949,2
longer,2.564949,2
frequent,2.564949,2
rather,2.564949,2
simpl,2.564949,2
current,2.564949,2
length,2.564949,2
retriev,2.564949,2
rag,2.564949,2
advanc,2.564949,2
address,2.564949,2
databas,2.564949,2
metric,2.564949,2
assess,2.564949,2
classif,2.564949,2
correct,2.564949,2
recent,2.564949,2
human,2.564949,2
adversari,2.564949,2
singl,2.564949,2
dataset,2.564949,2
consid,2.564949,2
user,2.564949,2
standard,2.564949,2
defin,2.564949,2
fix,2.564949,2
convers,2.564949,2
code,2.564949,2
mitig,2.564949,2
recurs,2.564949,2
ongo,2.564949,2
emerg,2.564949,2
pre,2.564949,2
gradient,2.564949,2
linear,2.564949,2
branch,2.564949,2
scientif,2.564949,2
list,2.564949,2
close,2.564949,2
independ,2.564949,2
express,2.564949,2
basi,2.564949,2
span,2.564949,2
reveal,2.564949,2
neural,2.564949,2
deriv,2.564949,2
physic,2.564949,2
minimum,2.564949,2
whether,2.564949,2
quantit,2.564949,2
artifici,2.564949,2
intellig,2.564949,2
probabl,2.564949,2
quantifi,2.564949,2
uncertainti,2.564949,2
statist,2.564949,2
sampl,2.564949,2
outcom,2.564949,2
discret,2.564949,2
binomi,2.564949,2
theorem,2.564949,2
relat,2.564949,2
evid,2.564949,2
rigor,2.564949,2
cryptographi,2.564949,2
themselv,2.564949,2
theoret,2.564949,2
hypothesi,2.564949,2
prove,2.564949,2
connect,2.564949,2
analyz,2.564949,2
definit,2.564949,2
degre,2.564949,2
hypothes,2.564949,2
count,2.564949,2
known,2.159484,3
tangi,2.159484,3
eat,2.159484,3
cuisin,2.159484,3
consumpt,2.159484,3
reduc,2.159484,3
risk,2.159484,3
tropic,2.159484,3
water,2.159484,3
california,2.159484,3
serv,2.159484,3
tast,2.159484,3
type,2.159484,3
belov,2.159484,3
sauc,2.159484,3
level,2.159484,3
particularli,2.159484,3
low,2.159484,3
calori,2.159484,3
rich,2.159484,3
dure,2.159484,3
winter,2.159484,3
smoothi,2.159484,3
warm,2.159484,3
smooth,2.159484,3
exterior,2.159484,3
black,2.159484,3
curv,2.159484,3
conveni,2.159484,3
aromat,2.159484,3
digest,2.159484,3
inspir,2.159484,3
round,2.159484,3
avail,2.159484,3
call,2.159484,3
rang,2.159484,3
typic,2.159484,3
summer,2.159484,3
though,2.159484,3
dry,2.159484,3
creat,2.159484,3
pair,2.159484,3
prepar,2.159484,3
remark,2.159484,3
appear,2.159484,3
green,2.159484,3
balanc,2.159484,3
reflect,2.159484,3
cool,2.159484,3
snack,2.159484,3
flexibl,2.159484,3
proper,2.159484,3
ensur,2.159484,3
signific,2.159484,3
challeng,2.159484,3
non,2.159484,3
tradit,2.159484,3
extract,2.159484,3
architectur,2.159484,3
form,2.159484,3
pure,2.159484,3
kei,2.159484,3
encod,2.159484,3
token,2.159484,3
normal,2.159484,3
paramet,2.159484,3
bert,2.159484,3
build,2.159484,3
translat,2.159484,3
paradigm,2.159484,3
prompt,2.159484,3
effect,2.159484,3
involv,2.159484,3
input,2.159484,3
output,2.159484,3
without,2.159484,3
principl,2.159484,3
iter,2.159484,3
zero,2.159484,3
best,2.159484,3
develop,2.159484,3
cost,2.159484,3
basic,2.159484,3
effici,2.159484,3
maximum,2.159484,3
affect,2.159484,3
knowledg,2.159484,3
infer,2.159484,3
vector,2.159484,3
work,2.159484,3
real,2.159484,3
evalu,2.159484,3
decis,2.159484,3
predict,2.159484,3
complex,2.159484,3
minim,2.159484,3
pattern,2.159484,3
reli,2.159484,3
object,2.159484,3
identifi,2.159484,3
framework,2.159484,3
algebra,2.159484,3
graphic,2.159484,3
set,2.159484,3
oper,2.159484,3
determin,2.159484,3
underpin,2.159484,3
field,2.159484,3
solv,2.159484,3
indispens,2.159484,3
variabl,2.159484,3
distribut,2.159484,3
analysi,2.159484,3
reason,2.159484,3
abstract,2.159484,3
technolog,2.159484,3
tree,1.871802,4
high,1.871802,4
global,1.871802,4
orang,1.871802,4
beverag,1.871802,4
popular,1.871802,4
fiber,1.871802,4
mai,1.871802,4
region,1.871802,4
profil,1.871802,4
differ,1.871802,4
technic,1.871802,4
contain,1.871802,4
heart,1.871802,4
temper,1.871802,4
enhanc,1.871802,4
preserv,1.871802,4
produc,1.871802,4
equat,1.871802,4
uniqu,1.871802,4
dri,1.871802,4
trade,1.871802,4
depend,1.871802,4
long,1.871802,4
qualiti,1.871802,4
addit,1.871802,4
cultur,1.871802,4
need,1.871802,4
space,1.871802,4
classic,1.871802,4
train,1.871802,4
demonstr,1.871802,4
research,1.871802,4
transform,1.871802,4
introduc,1.871802,4
mechan,1.871802,4
ha,1.871802,4
order,1.871802,4
better,1.871802,4
gpt,1.871802,4
summar,1.871802,4
capabl,1.871802,4
perform,1.871802,4
design,1.871802,4
critic,1.871802,4
becom,1.871802,4
core,1.871802,4
result,1.871802,4
accuraci,1.871802,4
guid,1.871802,4
behavior,1.871802,4
find,1.871802,4
updat,1.871802,4
multipl,1.871802,4
scale,1.871802,4
point,1.871802,4
collect,1.871802,4
direct,1.871802,4
problem,1.871802,4
describ,1.871802,4
theori,1.871802,4
properti,1.871802,4
cultiv,1.648659,5
juici,1.648659,5
juic,1.648659,5
tart,1.648659,5
similar,1.648659,5
distinct,1.648659,5
small,1.648659,5
potassium,1.648659,5
thrive,1.648659,5
protect,1.648659,5
major,1.648659,5
delici,1.648659,5
worldwid,1.648659,5
color,1.648659,5
condit,1.648659,5
dish,1.648659,5
salad,1.648659,5
natur,1.648659,5
yellow,1.648659,5
seed,1.648659,5
access,1.648659,5
improv,1.648659,5
process,1.648659,5
red,1.648659,5
size,1.648659,5
world,1.648659,5
foundat,1.648659,5
structur,1.648659,5
continu,1.648659,5
network,1.648659,5
task,1.648659,5
engin,1.648659,5
context,1.648659,5
approach,1.648659,5
practic,1.648659,5
test,1.648659,5
implement,1.648659,5
crucial,1.648659,5
bridg,1.648659,5
tool,1.648659,5
number,1.648659,5
concept,1.648659,5
relationship,1.648659,5
common,1.466337,6
function,1.466337,6
skin,1.466337,6
variou,1.466337,6
antioxid,1.466337,6
product,1.466337,6
dessert,1.466337,6
versatil,1.466337,6
textur,1.466337,6
mani,1.466337,6
flesh,1.466337,6
across,1.466337,6
optim,1.466337,6
limit,1.466337,6
text,1.466337,6
base,1.466337,6
sequenc,1.466337,6
inform,1.466337,6
system,1.466337,6
data,1.466337,6
measur,1.466337,6
comput,1.466337,6
mathemat,1.466337,6
varieti,1.312186,7
benefit,1.312186,7
excel,1.312186,7
support,1.312186,7
health,1.312186,7
climat,1.312186,7
well,1.312186,7
examin,1.312186,7
machin,1.312186,7
understand,1.312186,7
power,1.312186,7
studi,1.312186,7
algorithm,1.312186,7
scienc,1.312186,7
vitamin,1.178655,8
content,1.178655,8
culinari,1.178655,8
sweet,1.178655,8
fresh,1.178655,8
import,1.178655,8
method,1.178655,8
llm,1.178655,8
languag,1.178655,8
gener,1.178655,8
learn,1.178655,8
math,1.178655,8
fruit,1.060872,9
divers,1.060872,9
flavor,1.060872,9
nutrit,1.060872,9
combin,1.060872,9
grow,1.060872,9
repres,1.060872,9
like,1.060872,9
modern,1.060872,9
ar,0.955511,10
valu,0.955511,10
essenti,0.955511,10
offer,0.955511,10
techniqu,0.955511,10
fundament,0.955511,10
larg,0.860201,11
enabl,0.860201,11
model,0.860201,11
explor,0.773190,12
thei,0.773190,12
requir,0.773190,12
includ,0.619039,14
make,0.619039,14
us,0.550046,15
applic,0.424883,17
provid,0.313658,19
topic,0.039221,25
sub,0.039221,25
thi,0.039221,25
document,0.039221,25
conclus,0.039221,25